{
  "tfidf_davidson": {
    "n_seeds": 3,
    "accuracy": {
      "mean": 0.9043969342476806,
      "std": 1.3597399555105182e-16
    },
    "precision": {
      "mean": 0.31592437664041995,
      "std": 0.0008346291416065604
    },
    "recall": {
      "mean": 0.5641025641025641,
      "std": 0.0040374144698575145
    },
    "f1_binary": {
      "mean": 0.40501758173771957,
      "std": 0.00172764422135868
    },
    "f1_macro": {
      "mean": 0.6765200478907923,
      "std": 0.0008572416233958135
    },
    "roc_auc": {
      "mean": 0.8566912539515279,
      "std": 5.7035392767682356e-05
    }
  },
  "tfidf_hatexplain": {
    "n_seeds": 3,
    "accuracy": {
      "mean": 0.827962577962578,
      "std": 0.0
    },
    "precision": {
      "mean": 0.706436420722135,
      "std": 0.0
    },
    "recall": {
      "mean": 0.7575757575757575,
      "std": 1.3597399555105182e-16
    },
    "f1_binary": {
      "mean": 0.7311129163281884,
      "std": 0.0
    },
    "f1_macro": {
      "mean": 0.8023161066165206,
      "std": 0.0
    },
    "roc_auc": {
      "mean": 0.8917499978903488,
      "std": 3.4347817336090486e-05
    }
  },
  "doc2vec_davidson": {
    "n_seeds": 3,
    "accuracy": {
      "mean": 0.553852359822509,
      "std": 0.006091032218854986
    },
    "precision": {
      "mean": 0.0945954147224874,
      "std": 0.0019916899459893386
    },
    "recall": {
      "mean": 0.7855477855477856,
      "std": 0.010681994626936668
    },
    "f1_binary": {
      "mean": 0.168855702174468,
      "std": 0.003390087358200892
    },
    "f1_macro": {
      "mean": 0.4319676989658125,
      "std": 0.0041987726019441785
    },
    "roc_auc": {
      "mean": 0.7220085137465274,
      "std": 0.003852991799695172
    }
  },
  "doc2vec_hatexplain": {
    "n_seeds": 3,
    "accuracy": {
      "mean": 0.7011434511434511,
      "std": 0.003161518986641466
    },
    "precision": {
      "mean": 0.5104907162433866,
      "std": 0.003359157348920208
    },
    "recall": {
      "mean": 0.7783389450056117,
      "std": 0.007955918562714824
    },
    "f1_binary": {
      "mean": 0.6165756118947642,
      "std": 0.004418691801366509
    },
    "f1_macro": {
      "mean": 0.6858595930819288,
      "std": 0.0033501656634389396
    },
    "roc_auc": {
      "mean": 0.7966156974928905,
      "std": 0.006728563219866419
    }
  },
  "distilbert_davidson": {
    "n_seeds": 3,
    "accuracy": {
      "mean": 0.9415086728519565,
      "std": 0.0026451950481250273
    },
    "precision": {
      "mean": 0.48954753722794964,
      "std": 0.03399808485804218
    },
    "recall": {
      "mean": 0.331002331002331,
      "std": 0.024558633456533197
    },
    "f1_binary": {
      "mean": 0.39495583449558347,
      "std": 0.028542077766689926
    },
    "f1_macro": {
      "mean": 0.6821123668134526,
      "std": 0.014964039959620206
    },
    "roc_auc": {
      "mean": 0.8952560709838107,
      "std": 0.0011270785634693115
    }
  },
  "distilbert_hatexplain": {
    "n_seeds": 3,
    "accuracy": {
      "mean": 0.8482328482328483,
      "std": 0.002079002079002079
    },
    "precision": {
      "mean": 0.7412605634291074,
      "std": 0.015775054416112173
    },
    "recall": {
      "mean": 0.7822671156004489,
      "std": 0.02631509335060239
    },
    "f1_binary": {
      "mean": 0.7608354500842306,
      "std": 0.004990376981033078
    },
    "f1_macro": {
      "mean": 0.8248234476029799,
      "std": 0.0019777308032441526
    },
    "roc_auc": {
      "mean": 0.9100318135405855,
      "std": 0.0011132515015462655
    }
  }
}
